{"cameraMode":{"drawMode":0,"name":"Shaded","section":"Shading Mode"},"sceneLighting":true,"audioPlay":false,"sceneViewState":{"showFog":true,"showMaterialUpdate":false,"showSkybox":true,"showFlares":true,"showImageEffects":true,"showParticleSystems":true},"in2DMode":false,"pivot":{"x":3.268437385559082,"y":2.3476345539093019,"z":6.614411354064941},"rotation":{"x":0.1742660254240036,"y":-0.8103293180465698,"z":0.29837578535079958,"w":0.47326985001564028},"size":1.8203721046447755,"orthographic":false}